{"cameraMode":{"drawMode":0,"name":"Shaded","section":"Shading Mode"},"sceneLighting":true,"audioPlay":false,"sceneViewState":{"showFog":true,"showMaterialUpdate":false,"showSkybox":true,"showFlares":true,"showImageEffects":true,"showParticleSystems":true},"in2DMode":false,"pivot":{"x":-0.8596515655517578,"y":-2.2030506134033205,"z":-0.368715763092041},"rotation":{"x":0.15435761213302613,"y":-0.1534586399793625,"z":0.024281403049826623,"w":0.9757278561592102},"size":13.449560165405274,"orthographic":true}