{"cameraMode":{"drawMode":0,"name":"Shaded","section":"Shading Mode"},"sceneLighting":true,"audioPlay":false,"sceneViewState":{"showFog":true,"showMaterialUpdate":false,"showSkybox":true,"showFlares":true,"showImageEffects":true,"showParticleSystems":true},"in2DMode":false,"pivot":{"x":-1.7932859659194947,"y":-0.099609375,"z":0.6866784691810608},"rotation":{"x":0.7027990818023682,"y":0.009588596411049366,"z":-0.00950037781149149,"w":0.7112842202186585},"size":13.692744255065918,"orthographic":true}